                       Norm,                    Minimum,                    Maximum,                       Mean
        +2.563045278532e-01,        +0.000000000000e+00,        +2.332229133746e-02,        +5.413297716092e-05
